algorithm	dataset	psi	beta	purity
IKSHC	WDBC	3	0.400000	0.901222
IKSHC	WDBC	3	0.500000	0.875307
IKSHC	WDBC	3	0.600000	0.870918
IKSHC	WDBC	3	0.700000	0.864640
IKSHC	WDBC	3	0.800000	0.879523
IKSHC	WDBC	3	0.900000	0.900721
IKSHC	WDBC	5	0.400000	0.873729
IKSHC	WDBC	5	0.500000	0.887201
IKSHC	WDBC	5	0.600000	0.870005
IKSHC	WDBC	5	0.700000	0.870843
IKSHC	WDBC	5	0.800000	0.886187
IKSHC	WDBC	5	0.900000	0.867342
IKSHC	WDBC	7	0.400000	0.879100
IKSHC	WDBC	7	0.500000	0.867022
IKSHC	WDBC	7	0.600000	0.904082
IKSHC	WDBC	7	0.700000	0.865101
IKSHC	WDBC	7	0.800000	0.895508
IKSHC	WDBC	7	0.900000	0.877655
IKSHC	WDBC	13	0.400000	0.896032
IKSHC	WDBC	13	0.500000	0.865567
IKSHC	WDBC	13	0.600000	0.873868
IKSHC	WDBC	13	0.700000	0.885923
IKSHC	WDBC	13	0.800000	0.867928
IKSHC	WDBC	13	0.900000	0.879713
IKSHC	WDBC	15	0.400000	0.864957
IKSHC	WDBC	15	0.500000	0.883547
IKSHC	WDBC	15	0.600000	0.888694
IKSHC	WDBC	15	0.700000	0.849357
IKSHC	WDBC	15	0.800000	0.901403
IKSHC	WDBC	15	0.900000	0.872867
IKSHC	WDBC	17	0.400000	0.886896
IKSHC	WDBC	17	0.500000	0.875486
IKSHC	WDBC	17	0.600000	0.877947
IKSHC	WDBC	17	0.700000	0.883347
IKSHC	WDBC	17	0.800000	0.864563
IKSHC	WDBC	17	0.900000	0.882451
IKSHC	WDBC	21	0.400000	0.886443
IKSHC	WDBC	21	0.500000	0.887697
IKSHC	WDBC	21	0.600000	0.879154
IKSHC	WDBC	21	0.700000	0.871856
IKSHC	WDBC	21	0.800000	0.889822
IKSHC	WDBC	21	0.900000	0.910095
IKSHC	WDBC	25	0.400000	0.887833
IKSHC	WDBC	25	0.500000	0.863182
IKSHC	WDBC	25	0.600000	0.881160
IKSHC	WDBC	25	0.700000	0.872475
IKSHC	WDBC	25	0.800000	0.880805
IKSHC	WDBC	25	0.900000	0.890471
IKSHC	WDBC	3	0.400000	0.896293
IKSHC	WDBC	3	0.500000	0.892496
IKSHC	WDBC	3	0.600000	0.893090
IKSHC	WDBC	3	0.700000	0.892836
IKSHC	WDBC	3	0.800000	0.877818
IKSHC	WDBC	3	0.900000	0.902874
IKSHC	WDBC	5	0.400000	0.898087
IKSHC	WDBC	5	0.500000	0.890853
IKSHC	WDBC	5	0.600000	0.901354
IKSHC	WDBC	5	0.700000	0.884517
IKSHC	WDBC	5	0.800000	0.891552
IKSHC	WDBC	5	0.900000	0.883989
IKSHC	WDBC	7	0.400000	0.904768
IKSHC	WDBC	7	0.500000	0.892155
IKSHC	WDBC	7	0.600000	0.892402
IKSHC	WDBC	7	0.700000	0.905191
IKSHC	WDBC	7	0.800000	0.894204
IKSHC	WDBC	7	0.900000	0.888999
IKSHC	WDBC	13	0.400000	0.895178
IKSHC	WDBC	13	0.500000	0.894998
IKSHC	WDBC	13	0.600000	0.878638
IKSHC	WDBC	13	0.700000	0.891577
IKSHC	WDBC	13	0.800000	0.904868
IKSHC	WDBC	13	0.900000	0.879023
IKSHC	WDBC	15	0.400000	0.902395
IKSHC	WDBC	15	0.500000	0.886662
IKSHC	WDBC	15	0.600000	0.894124
IKSHC	WDBC	15	0.700000	0.889205
IKSHC	WDBC	15	0.800000	0.885997
IKSHC	WDBC	15	0.900000	0.903446
IKSHC	WDBC	17	0.400000	0.889294
IKSHC	WDBC	17	0.500000	0.899261
IKSHC	WDBC	17	0.600000	0.906099
IKSHC	WDBC	17	0.700000	0.900052
IKSHC	WDBC	17	0.800000	0.900731
IKSHC	WDBC	17	0.900000	0.789007
IKSHC	WDBC	21	0.400000	0.896658
IKSHC	WDBC	21	0.500000	0.898409
IKSHC	WDBC	21	0.600000	0.912359
IKSHC	WDBC	21	0.700000	0.887623
IKSHC	WDBC	21	0.800000	0.885977
IKSHC	WDBC	21	0.900000	0.819634
IKSHC	WDBC	25	0.400000	0.788998
IKSHC	WDBC	25	0.500000	0.872611
IKSHC	WDBC	25	0.600000	0.782613
IKSHC	WDBC	25	0.700000	0.777858
IKSHC	WDBC	25	0.800000	0.738774
IKSHC	WDBC	25	0.900000	0.888679
IKSHC	WDBC	3	0.400000	0.901586
IKSHC	WDBC	3	0.500000	0.885761
IKSHC	WDBC	3	0.600000	0.889974
IKSHC	WDBC	3	0.700000	0.891518
IKSHC	WDBC	3	0.800000	0.882563
IKSHC	WDBC	3	0.900000	0.898981
IKSHC	WDBC	5	0.400000	0.886185
IKSHC	WDBC	5	0.500000	0.896952
IKSHC	WDBC	5	0.600000	0.872057
IKSHC	WDBC	5	0.700000	0.902122
IKSHC	WDBC	5	0.800000	0.905015
IKSHC	WDBC	5	0.900000	0.895129
IKSHC	WDBC	7	0.400000	0.899222
IKSHC	WDBC	7	0.500000	0.894146
IKSHC	WDBC	7	0.600000	0.881369
IKSHC	WDBC	7	0.700000	0.893265
IKSHC	WDBC	7	0.800000	0.891737
IKSHC	WDBC	7	0.900000	0.897913
IKSHC	WDBC	13	0.400000	0.895327
IKSHC	WDBC	13	0.500000	0.887540
IKSHC	WDBC	13	0.600000	0.871524
IKSHC	WDBC	13	0.700000	0.899239
IKSHC	WDBC	13	0.800000	0.895457
IKSHC	WDBC	13	0.900000	0.889192
IKSHC	WDBC	15	0.400000	0.888032
IKSHC	WDBC	15	0.500000	0.895883
IKSHC	WDBC	15	0.600000	0.861530
IKSHC	WDBC	15	0.700000	0.896375
IKSHC	WDBC	15	0.800000	0.888702
IKSHC	WDBC	15	0.900000	0.890229
IKSHC	WDBC	17	0.400000	0.895178
IKSHC	WDBC	17	0.500000	0.901882
IKSHC	WDBC	17	0.600000	0.888840
IKSHC	WDBC	17	0.700000	0.896121
IKSHC	WDBC	17	0.800000	0.886930
IKSHC	WDBC	17	0.900000	0.882781
IKSHC	WDBC	21	0.400000	0.883678
IKSHC	WDBC	21	0.500000	0.896524
IKSHC	WDBC	21	0.600000	0.897786
IKSHC	WDBC	21	0.700000	0.912943
IKSHC	WDBC	21	0.800000	0.887618
IKSHC	WDBC	21	0.900000	0.893401
IKSHC	WDBC	25	0.400000	0.893058
IKSHC	WDBC	25	0.500000	0.898626
IKSHC	WDBC	25	0.600000	0.897346
IKSHC	WDBC	25	0.700000	0.889812
IKSHC	WDBC	25	0.800000	0.922889
IKSHC	WDBC	25	0.900000	0.896238
IKSHC	WDBC	3	0.400000	0.880529
IKSHC	WDBC	3	0.500000	0.893110
IKSHC	WDBC	3	0.600000	0.897120
IKSHC	WDBC	3	0.700000	0.874662
IKSHC	WDBC	3	0.800000	0.903705
IKSHC	WDBC	3	0.900000	0.888126
IKSHC	WDBC	5	0.400000	0.874992
IKSHC	WDBC	5	0.500000	0.885696
IKSHC	WDBC	5	0.600000	0.890547
IKSHC	WDBC	5	0.700000	0.879173
IKSHC	WDBC	5	0.800000	0.888876
IKSHC	WDBC	5	0.900000	0.906058
IKSHC	WDBC	7	0.400000	0.873610
IKSHC	WDBC	7	0.500000	0.898037
IKSHC	WDBC	7	0.600000	0.901132
IKSHC	WDBC	7	0.700000	0.895496
IKSHC	WDBC	7	0.800000	0.879000
IKSHC	WDBC	7	0.900000	0.881910
IKSHC	WDBC	13	0.400000	0.879699
IKSHC	WDBC	13	0.500000	0.897811
IKSHC	WDBC	13	0.600000	0.899396
IKSHC	WDBC	13	0.700000	0.885692
IKSHC	WDBC	13	0.800000	0.906503
IKSHC	WDBC	13	0.900000	0.886360
IKSHC	WDBC	15	0.400000	0.896343
IKSHC	WDBC	15	0.500000	0.885967
IKSHC	WDBC	15	0.600000	0.898268
IKSHC	WDBC	15	0.700000	0.895759
IKSHC	WDBC	15	0.800000	0.896289
IKSHC	WDBC	15	0.900000	0.894108
IKSHC	WDBC	17	0.400000	0.891160
IKSHC	WDBC	17	0.500000	0.899269
IKSHC	WDBC	17	0.600000	0.892499
IKSHC	WDBC	17	0.700000	0.917923
IKSHC	WDBC	17	0.800000	0.898699
IKSHC	WDBC	17	0.900000	0.877056
IKSHC	WDBC	21	0.400000	0.889931
IKSHC	WDBC	21	0.500000	0.898926
IKSHC	WDBC	21	0.600000	0.889925
IKSHC	WDBC	21	0.700000	0.911153
IKSHC	WDBC	21	0.800000	0.890211
IKSHC	WDBC	21	0.900000	0.893628
IKSHC	WDBC	25	0.400000	0.909417
IKSHC	WDBC	25	0.500000	0.905703
IKSHC	WDBC	25	0.600000	0.920999
IKSHC	WDBC	25	0.700000	0.905611
IKSHC	WDBC	25	0.800000	0.912506
IKSHC	WDBC	25	0.900000	0.917583
IKSHC	WDBC	3	0.400000	0.881177
IKSHC	WDBC	3	0.500000	0.881160
IKSHC	WDBC	3	0.600000	0.870894
IKSHC	WDBC	3	0.700000	0.880735
IKSHC	WDBC	3	0.800000	0.882566
IKSHC	WDBC	3	0.900000	0.863334
IKSHC	WDBC	5	0.400000	0.887139
IKSHC	WDBC	5	0.500000	0.894712
IKSHC	WDBC	5	0.600000	0.857477
IKSHC	WDBC	5	0.700000	0.897078
IKSHC	WDBC	5	0.800000	0.868729
IKSHC	WDBC	5	0.900000	0.877499
IKSHC	WDBC	7	0.400000	0.896903
IKSHC	WDBC	7	0.500000	0.888040
IKSHC	WDBC	7	0.600000	0.888054
IKSHC	WDBC	7	0.700000	0.888974
IKSHC	WDBC	7	0.800000	0.882684
IKSHC	WDBC	7	0.900000	0.883257
IKSHC	WDBC	13	0.400000	0.899706
IKSHC	WDBC	13	0.500000	0.892447
IKSHC	WDBC	13	0.600000	0.888077
IKSHC	WDBC	13	0.700000	0.895615
IKSHC	WDBC	13	0.800000	0.879223
IKSHC	WDBC	13	0.900000	0.894398
IKSHC	WDBC	15	0.400000	0.896774
IKSHC	WDBC	15	0.500000	0.889078
IKSHC	WDBC	15	0.600000	0.873684
IKSHC	WDBC	15	0.700000	0.883827
IKSHC	WDBC	15	0.800000	0.885144
IKSHC	WDBC	15	0.900000	0.885542
IKSHC	WDBC	17	0.400000	0.892956
IKSHC	WDBC	17	0.500000	0.884685
IKSHC	WDBC	17	0.600000	0.878179
IKSHC	WDBC	17	0.700000	0.900941
IKSHC	WDBC	17	0.800000	0.897967
IKSHC	WDBC	17	0.900000	0.896398
IKSHC	WDBC	21	0.400000	0.875045
IKSHC	WDBC	21	0.500000	0.869312
IKSHC	WDBC	21	0.600000	0.888518
IKSHC	WDBC	21	0.700000	0.880239
IKSHC	WDBC	21	0.800000	0.897377
IKSHC	WDBC	21	0.900000	0.871378
IKSHC	WDBC	25	0.400000	0.856740
IKSHC	WDBC	25	0.500000	0.874888
IKSHC	WDBC	25	0.600000	0.885083
IKSHC	WDBC	25	0.700000	0.861681
IKSHC	WDBC	25	0.800000	0.861233
IKSHC	WDBC	25	0.900000	0.863088
IKSHC	WDBC	3	0.400000	0.876278
IKSHC	WDBC	3	0.500000	0.888557
IKSHC	WDBC	3	0.600000	0.891936
IKSHC	WDBC	3	0.700000	0.890762
IKSHC	WDBC	3	0.800000	0.889876
IKSHC	WDBC	3	0.900000	0.879188
IKSHC	WDBC	5	0.400000	0.876465
IKSHC	WDBC	5	0.500000	0.874598
IKSHC	WDBC	5	0.600000	0.888722
IKSHC	WDBC	5	0.700000	0.869371
IKSHC	WDBC	5	0.800000	0.891646
IKSHC	WDBC	5	0.900000	0.900619
IKSHC	WDBC	7	0.400000	0.888128
IKSHC	WDBC	7	0.500000	0.883256
IKSHC	WDBC	7	0.600000	0.878245
IKSHC	WDBC	7	0.700000	0.894929
IKSHC	WDBC	7	0.800000	0.893661
IKSHC	WDBC	7	0.900000	0.892028
IKSHC	WDBC	13	0.400000	0.880563
IKSHC	WDBC	13	0.500000	0.895939
IKSHC	WDBC	13	0.600000	0.883578
IKSHC	WDBC	13	0.700000	0.889261
IKSHC	WDBC	13	0.800000	0.896585
IKSHC	WDBC	13	0.900000	0.887932
IKSHC	WDBC	15	0.400000	0.902155
IKSHC	WDBC	15	0.500000	0.889072
IKSHC	WDBC	15	0.600000	0.879825
IKSHC	WDBC	15	0.700000	0.883849
IKSHC	WDBC	15	0.800000	0.885928
IKSHC	WDBC	15	0.900000	0.902814
IKSHC	WDBC	17	0.400000	0.895443
IKSHC	WDBC	17	0.500000	0.898707
IKSHC	WDBC	17	0.600000	0.888673
IKSHC	WDBC	17	0.700000	0.878794
IKSHC	WDBC	17	0.800000	0.881802
IKSHC	WDBC	17	0.900000	0.885275
IKSHC	WDBC	21	0.400000	0.874350
IKSHC	WDBC	21	0.500000	0.842062
IKSHC	WDBC	21	0.600000	0.885658
IKSHC	WDBC	21	0.700000	0.892329
IKSHC	WDBC	21	0.800000	0.890461
IKSHC	WDBC	21	0.900000	0.901241
IKSHC	WDBC	25	0.400000	0.893590
IKSHC	WDBC	25	0.500000	0.891338
IKSHC	WDBC	25	0.600000	0.884419
IKSHC	WDBC	25	0.700000	0.890578
IKSHC	WDBC	25	0.800000	0.883071
IKSHC	WDBC	25	0.900000	0.884343
IKSHC	WDBC	3	0.400000	0.890282
IKSHC	WDBC	3	0.500000	0.888379
IKSHC	WDBC	3	0.600000	0.884184
IKSHC	WDBC	3	0.700000	0.895442
IKSHC	WDBC	3	0.800000	0.894132
IKSHC	WDBC	3	0.900000	0.908703
IKSHC	WDBC	5	0.400000	0.898215
IKSHC	WDBC	5	0.500000	0.887225
IKSHC	WDBC	5	0.600000	0.885806
IKSHC	WDBC	5	0.700000	0.907816
IKSHC	WDBC	5	0.800000	0.898901
IKSHC	WDBC	5	0.900000	0.891216
IKSHC	WDBC	7	0.400000	0.886903
IKSHC	WDBC	7	0.500000	0.889024
IKSHC	WDBC	7	0.600000	0.882108
IKSHC	WDBC	7	0.700000	0.887962
IKSHC	WDBC	7	0.800000	0.874305
IKSHC	WDBC	7	0.900000	0.912144
IKSHC	WDBC	13	0.400000	0.881467
IKSHC	WDBC	13	0.500000	0.895899
IKSHC	WDBC	13	0.600000	0.860243
IKSHC	WDBC	13	0.700000	0.903409
IKSHC	WDBC	13	0.800000	0.886951
IKSHC	WDBC	13	0.900000	0.887192
IKSHC	WDBC	15	0.400000	0.894531
IKSHC	WDBC	15	0.500000	0.908010
IKSHC	WDBC	15	0.600000	0.888330
IKSHC	WDBC	15	0.700000	0.899081
IKSHC	WDBC	15	0.800000	0.884156
IKSHC	WDBC	15	0.900000	0.879662
IKSHC	WDBC	17	0.400000	0.887384
IKSHC	WDBC	17	0.500000	0.895337
IKSHC	WDBC	17	0.600000	0.880261
IKSHC	WDBC	17	0.700000	0.884905
IKSHC	WDBC	17	0.800000	0.865025
IKSHC	WDBC	17	0.900000	0.899561
IKSHC	WDBC	21	0.400000	0.893752
IKSHC	WDBC	21	0.500000	0.887252
IKSHC	WDBC	21	0.600000	0.906688
IKSHC	WDBC	21	0.700000	0.883514
IKSHC	WDBC	21	0.800000	0.897315
IKSHC	WDBC	21	0.900000	0.881873
IKSHC	WDBC	25	0.400000	0.854807
IKSHC	WDBC	25	0.500000	0.884627
IKSHC	WDBC	25	0.600000	0.889597
IKSHC	WDBC	25	0.700000	0.885065
IKSHC	WDBC	25	0.800000	0.877989
IKSHC	WDBC	25	0.900000	0.892293
IKSHC	WDBC	3	0.400000	0.900484
IKSHC	WDBC	3	0.500000	0.892123
IKSHC	WDBC	3	0.600000	0.881228
IKSHC	WDBC	3	0.700000	0.883178
IKSHC	WDBC	3	0.800000	0.901373
IKSHC	WDBC	3	0.900000	0.883405
IKSHC	WDBC	5	0.400000	0.892138
IKSHC	WDBC	5	0.500000	0.894977
IKSHC	WDBC	5	0.600000	0.892878
IKSHC	WDBC	5	0.700000	0.871099
IKSHC	WDBC	5	0.800000	0.896343
IKSHC	WDBC	5	0.900000	0.884987
IKSHC	WDBC	7	0.400000	0.874517
IKSHC	WDBC	7	0.500000	0.890125
IKSHC	WDBC	7	0.600000	0.896052
IKSHC	WDBC	7	0.700000	0.882309
IKSHC	WDBC	7	0.800000	0.887804
IKSHC	WDBC	7	0.900000	0.864147
IKSHC	WDBC	13	0.400000	0.879995
IKSHC	WDBC	13	0.500000	0.882826
IKSHC	WDBC	13	0.600000	0.904788
IKSHC	WDBC	13	0.700000	0.896861
IKSHC	WDBC	13	0.800000	0.874711
IKSHC	WDBC	13	0.900000	0.892124
IKSHC	WDBC	15	0.400000	0.866352
IKSHC	WDBC	15	0.500000	0.882465
IKSHC	WDBC	15	0.600000	0.856614
IKSHC	WDBC	15	0.700000	0.890668
IKSHC	WDBC	15	0.800000	0.892559
IKSHC	WDBC	15	0.900000	0.891913
IKSHC	WDBC	17	0.400000	0.875905
IKSHC	WDBC	17	0.500000	0.890291
IKSHC	WDBC	17	0.600000	0.876656
IKSHC	WDBC	17	0.700000	0.889373
IKSHC	WDBC	17	0.800000	0.876809
IKSHC	WDBC	17	0.900000	0.879020
IKSHC	WDBC	21	0.400000	0.879452
IKSHC	WDBC	21	0.500000	0.880799
IKSHC	WDBC	21	0.600000	0.852025
IKSHC	WDBC	21	0.700000	0.865810
IKSHC	WDBC	21	0.800000	0.881271
IKSHC	WDBC	21	0.900000	0.895832
IKSHC	WDBC	25	0.400000	0.878022
IKSHC	WDBC	25	0.500000	0.875088
IKSHC	WDBC	25	0.600000	0.882358
IKSHC	WDBC	25	0.700000	0.859573
IKSHC	WDBC	25	0.800000	0.867347
IKSHC	WDBC	25	0.900000	0.884367
IKSHC	WDBC	3	0.400000	0.889125
IKSHC	WDBC	3	0.500000	0.902542
IKSHC	WDBC	3	0.600000	0.903127
IKSHC	WDBC	3	0.700000	0.877013
IKSHC	WDBC	3	0.800000	0.904143
IKSHC	WDBC	3	0.900000	0.888846
IKSHC	WDBC	5	0.400000	0.886652
IKSHC	WDBC	5	0.500000	0.893649
IKSHC	WDBC	5	0.600000	0.896296
IKSHC	WDBC	5	0.700000	0.879123
IKSHC	WDBC	5	0.800000	0.872465
IKSHC	WDBC	5	0.900000	0.885861
IKSHC	WDBC	7	0.400000	0.895279
IKSHC	WDBC	7	0.500000	0.900989
IKSHC	WDBC	7	0.600000	0.895905
IKSHC	WDBC	7	0.700000	0.892169
IKSHC	WDBC	7	0.800000	0.893627
IKSHC	WDBC	7	0.900000	0.881487
IKSHC	WDBC	13	0.400000	0.894150
IKSHC	WDBC	13	0.500000	0.900410
IKSHC	WDBC	13	0.600000	0.875594
IKSHC	WDBC	13	0.700000	0.878699
IKSHC	WDBC	13	0.800000	0.888948
IKSHC	WDBC	13	0.900000	0.889698
IKSHC	WDBC	15	0.400000	0.892757
IKSHC	WDBC	15	0.500000	0.895705
IKSHC	WDBC	15	0.600000	0.876299
IKSHC	WDBC	15	0.700000	0.901551
IKSHC	WDBC	15	0.800000	0.877344
IKSHC	WDBC	15	0.900000	0.883530
IKSHC	WDBC	17	0.400000	0.902498
IKSHC	WDBC	17	0.500000	0.892008
IKSHC	WDBC	17	0.600000	0.860412
IKSHC	WDBC	17	0.700000	0.881291
IKSHC	WDBC	17	0.800000	0.887224
IKSHC	WDBC	17	0.900000	0.888511
IKSHC	WDBC	21	0.400000	0.878727
IKSHC	WDBC	21	0.500000	0.896029
IKSHC	WDBC	21	0.600000	0.886654
IKSHC	WDBC	21	0.700000	0.881831
IKSHC	WDBC	21	0.800000	0.894635
IKSHC	WDBC	21	0.900000	0.892369
IKSHC	WDBC	25	0.400000	0.889284
IKSHC	WDBC	25	0.500000	0.878564
IKSHC	WDBC	25	0.600000	0.896463
IKSHC	WDBC	25	0.700000	0.877185
IKSHC	WDBC	25	0.800000	0.861282
IKSHC	WDBC	25	0.900000	0.890473
IKSHC	WDBC	3	0.400000	0.871569
IKSHC	WDBC	3	0.500000	0.894428
IKSHC	WDBC	3	0.600000	0.879526
IKSHC	WDBC	3	0.700000	0.869344
IKSHC	WDBC	3	0.800000	0.896498
IKSHC	WDBC	3	0.900000	0.887121
IKSHC	WDBC	5	0.400000	0.898534
IKSHC	WDBC	5	0.500000	0.878259
IKSHC	WDBC	5	0.600000	0.898877
IKSHC	WDBC	5	0.700000	0.886154
IKSHC	WDBC	5	0.800000	0.889540
IKSHC	WDBC	5	0.900000	0.891424
IKSHC	WDBC	7	0.400000	0.896092
IKSHC	WDBC	7	0.500000	0.888955
IKSHC	WDBC	7	0.600000	0.886245
IKSHC	WDBC	7	0.700000	0.848671
IKSHC	WDBC	7	0.800000	0.880716
IKSHC	WDBC	7	0.900000	0.865007
IKSHC	WDBC	13	0.400000	0.885793
IKSHC	WDBC	13	0.500000	0.899806
IKSHC	WDBC	13	0.600000	0.862822
IKSHC	WDBC	13	0.700000	0.887066
IKSHC	WDBC	13	0.800000	0.892849
IKSHC	WDBC	13	0.900000	0.896676
IKSHC	WDBC	15	0.400000	0.889576
IKSHC	WDBC	15	0.500000	0.892953
IKSHC	WDBC	15	0.600000	0.886615
IKSHC	WDBC	15	0.700000	0.882729
IKSHC	WDBC	15	0.800000	0.884982
IKSHC	WDBC	15	0.900000	0.889216
IKSHC	WDBC	17	0.400000	0.888908
IKSHC	WDBC	17	0.500000	0.878003
IKSHC	WDBC	17	0.600000	0.880573
IKSHC	WDBC	17	0.700000	0.872811
IKSHC	WDBC	17	0.800000	0.885689
IKSHC	WDBC	17	0.900000	0.894701
IKSHC	WDBC	21	0.400000	0.885414
IKSHC	WDBC	21	0.500000	0.880895
IKSHC	WDBC	21	0.600000	0.879642
IKSHC	WDBC	21	0.700000	0.859256
IKSHC	WDBC	21	0.800000	0.878640
IKSHC	WDBC	21	0.900000	0.883113
IKSHC	WDBC	25	0.400000	0.879438
IKSHC	WDBC	25	0.500000	0.865749
IKSHC	WDBC	25	0.600000	0.895020
IKSHC	WDBC	25	0.700000	0.904878
IKSHC	WDBC	25	0.800000	0.861748
IKSHC	WDBC	25	0.900000	0.876242
IKSHC	vowel	3	0.400000	0.172654
IKSHC	vowel	3	0.500000	0.186244
IKSHC	vowel	3	0.600000	0.166600
IKSHC	vowel	3	0.700000	0.179456
IKSHC	vowel	3	0.800000	0.181425
IKSHC	vowel	3	0.900000	0.194042
IKSHC	vowel	5	0.400000	0.174978
IKSHC	vowel	5	0.500000	0.179186
IKSHC	vowel	5	0.600000	0.172109
IKSHC	vowel	5	0.700000	0.183170
IKSHC	vowel	5	0.800000	0.192240
IKSHC	vowel	5	0.900000	0.187187
IKSHC	vowel	7	0.400000	0.192385
IKSHC	vowel	7	0.500000	0.182099
IKSHC	vowel	7	0.600000	0.172709
IKSHC	vowel	7	0.700000	0.184408
IKSHC	vowel	7	0.800000	0.170124
IKSHC	vowel	7	0.900000	0.201851
IKSHC	vowel	13	0.400000	0.183916
IKSHC	vowel	13	0.500000	0.176662
IKSHC	vowel	13	0.600000	0.201570
IKSHC	vowel	13	0.700000	0.189889
IKSHC	vowel	13	0.800000	0.180795
IKSHC	vowel	13	0.900000	0.176726
IKSHC	vowel	15	0.400000	0.179299
IKSHC	vowel	15	0.500000	0.172125
IKSHC	vowel	15	0.600000	0.190635
IKSHC	vowel	15	0.700000	0.199663
IKSHC	vowel	15	0.800000	0.190884
IKSHC	vowel	15	0.900000	0.200282
IKSHC	vowel	17	0.400000	0.177753
IKSHC	vowel	17	0.500000	0.190321
IKSHC	vowel	17	0.600000	0.190159
IKSHC	vowel	17	0.700000	0.188115
IKSHC	vowel	17	0.800000	0.179534
IKSHC	vowel	17	0.900000	0.186689
IKSHC	vowel	21	0.400000	0.183332
IKSHC	vowel	21	0.500000	0.191552
IKSHC	vowel	21	0.600000	0.182763
IKSHC	vowel	21	0.700000	0.181595
IKSHC	vowel	21	0.800000	0.190604
IKSHC	vowel	21	0.900000	0.177928
IKSHC	vowel	25	0.400000	0.180744
IKSHC	vowel	25	0.500000	0.183689
IKSHC	vowel	25	0.600000	0.174415
IKSHC	vowel	25	0.700000	0.203647
IKSHC	vowel	25	0.800000	0.179979
IKSHC	vowel	25	0.900000	0.184475
IKSHC	vowel	3	0.400000	0.181895
IKSHC	vowel	3	0.500000	0.194375
IKSHC	vowel	3	0.600000	0.170072
IKSHC	vowel	3	0.700000	0.171982
IKSHC	vowel	3	0.800000	0.192640
IKSHC	vowel	3	0.900000	0.172291
IKSHC	vowel	5	0.400000	0.184390
IKSHC	vowel	5	0.500000	0.198850
IKSHC	vowel	5	0.600000	0.182253
IKSHC	vowel	5	0.700000	0.179074
IKSHC	vowel	5	0.800000	0.192020
IKSHC	vowel	5	0.900000	0.206943
IKSHC	vowel	7	0.400000	0.202251
IKSHC	vowel	7	0.500000	0.201068
IKSHC	vowel	7	0.600000	0.195838
IKSHC	vowel	7	0.700000	0.219394
IKSHC	vowel	7	0.800000	0.210356
IKSHC	vowel	7	0.900000	0.199797
IKSHC	vowel	13	0.400000	0.206807
IKSHC	vowel	13	0.500000	0.189714
IKSHC	vowel	13	0.600000	0.192642
IKSHC	vowel	13	0.700000	0.203371
IKSHC	vowel	13	0.800000	0.213795
IKSHC	vowel	13	0.900000	0.176872
IKSHC	vowel	15	0.400000	0.209361
IKSHC	vowel	15	0.500000	0.195468
IKSHC	vowel	15	0.600000	0.193830
IKSHC	vowel	15	0.700000	0.184003
IKSHC	vowel	15	0.800000	0.202122
IKSHC	vowel	15	0.900000	0.207414
IKSHC	vowel	17	0.400000	0.214956
IKSHC	vowel	17	0.500000	0.205713
IKSHC	vowel	17	0.600000	0.185791
IKSHC	vowel	17	0.700000	0.211481
IKSHC	vowel	17	0.800000	0.214719
IKSHC	vowel	17	0.900000	0.216810
IKSHC	vowel	21	0.400000	0.207565
IKSHC	vowel	21	0.500000	0.221499
IKSHC	vowel	21	0.600000	0.193898
IKSHC	vowel	21	0.700000	0.221010
IKSHC	vowel	21	0.800000	0.210511
IKSHC	vowel	21	0.900000	0.208904
IKSHC	vowel	25	0.400000	0.213271
IKSHC	vowel	25	0.500000	0.181089
IKSHC	vowel	25	0.600000	0.194582
IKSHC	vowel	25	0.700000	0.203427
IKSHC	vowel	25	0.800000	0.184781
IKSHC	vowel	25	0.900000	0.206349
IKSHC	vowel	3	0.400000	0.176887
IKSHC	vowel	3	0.500000	0.178077
IKSHC	vowel	3	0.600000	0.185156
IKSHC	vowel	3	0.700000	0.196083
IKSHC	vowel	3	0.800000	0.166224
IKSHC	vowel	3	0.900000	0.200995
IKSHC	vowel	5	0.400000	0.188588
IKSHC	vowel	5	0.500000	0.196914
IKSHC	vowel	5	0.600000	0.179169
IKSHC	vowel	5	0.700000	0.195765
IKSHC	vowel	5	0.800000	0.181354
IKSHC	vowel	5	0.900000	0.176511
IKSHC	vowel	7	0.400000	0.178134
IKSHC	vowel	7	0.500000	0.176157
IKSHC	vowel	7	0.600000	0.172282
IKSHC	vowel	7	0.700000	0.194275
IKSHC	vowel	7	0.800000	0.192620
IKSHC	vowel	7	0.900000	0.189702
IKSHC	vowel	13	0.400000	0.202638
IKSHC	vowel	13	0.500000	0.182533
IKSHC	vowel	13	0.600000	0.196837
IKSHC	vowel	13	0.700000	0.183109
IKSHC	vowel	13	0.800000	0.195849
IKSHC	vowel	13	0.900000	0.211363
IKSHC	vowel	15	0.400000	0.193888
IKSHC	vowel	15	0.500000	0.190543
IKSHC	vowel	15	0.600000	0.205153
IKSHC	vowel	15	0.700000	0.191993
IKSHC	vowel	15	0.800000	0.180417
IKSHC	vowel	15	0.900000	0.170093
IKSHC	vowel	17	0.400000	0.197777
IKSHC	vowel	17	0.500000	0.214009
IKSHC	vowel	17	0.600000	0.186423
IKSHC	vowel	17	0.700000	0.194596
IKSHC	vowel	17	0.800000	0.201761
IKSHC	vowel	17	0.900000	0.184223
IKSHC	vowel	21	0.400000	0.209631
IKSHC	vowel	21	0.500000	0.199967
IKSHC	vowel	21	0.600000	0.207397
IKSHC	vowel	21	0.700000	0.199181
IKSHC	vowel	21	0.800000	0.199230
IKSHC	vowel	21	0.900000	0.196924
IKSHC	vowel	25	0.400000	0.223553
IKSHC	vowel	25	0.500000	0.196945
IKSHC	vowel	25	0.600000	0.208718
IKSHC	vowel	25	0.700000	0.194002
IKSHC	vowel	25	0.800000	0.184882
IKSHC	vowel	25	0.900000	0.197006
IKSHC	vowel	3	0.400000	0.169203
IKSHC	vowel	3	0.500000	0.180213
IKSHC	vowel	3	0.600000	0.180284
IKSHC	vowel	3	0.700000	0.175657
IKSHC	vowel	3	0.800000	0.175737
IKSHC	vowel	3	0.900000	0.199871
IKSHC	vowel	5	0.400000	0.163813
IKSHC	vowel	5	0.500000	0.192720
IKSHC	vowel	5	0.600000	0.173996
IKSHC	vowel	5	0.700000	0.179613
IKSHC	vowel	5	0.800000	0.175776
IKSHC	vowel	5	0.900000	0.172213
IKSHC	vowel	7	0.400000	0.192099
IKSHC	vowel	7	0.500000	0.162788
IKSHC	vowel	7	0.600000	0.183250
IKSHC	vowel	7	0.700000	0.186958
IKSHC	vowel	7	0.800000	0.165984
IKSHC	vowel	7	0.900000	0.188145
IKSHC	vowel	13	0.400000	0.186457
IKSHC	vowel	13	0.500000	0.196516
IKSHC	vowel	13	0.600000	0.209412
IKSHC	vowel	13	0.700000	0.178157
IKSHC	vowel	13	0.800000	0.185342
IKSHC	vowel	13	0.900000	0.176827
IKSHC	vowel	15	0.400000	0.176815
IKSHC	vowel	15	0.500000	0.180232
IKSHC	vowel	15	0.600000	0.188728
IKSHC	vowel	15	0.700000	0.195199
IKSHC	vowel	15	0.800000	0.173974
IKSHC	vowel	15	0.900000	0.182383
IKSHC	vowel	17	0.400000	0.173231
IKSHC	vowel	17	0.500000	0.189993
IKSHC	vowel	17	0.600000	0.198749
IKSHC	vowel	17	0.700000	0.173269
IKSHC	vowel	17	0.800000	0.201661
IKSHC	vowel	17	0.900000	0.183452
IKSHC	vowel	21	0.400000	0.191866
IKSHC	vowel	21	0.500000	0.196250
IKSHC	vowel	21	0.600000	0.207722
IKSHC	vowel	21	0.700000	0.187766
IKSHC	vowel	21	0.800000	0.186037
IKSHC	vowel	21	0.900000	0.184444
IKSHC	vowel	25	0.400000	0.196271
IKSHC	vowel	25	0.500000	0.188732
IKSHC	vowel	25	0.600000	0.185207
IKSHC	vowel	25	0.700000	0.210397
IKSHC	vowel	25	0.800000	0.196682
IKSHC	vowel	25	0.900000	0.185515
IKSHC	vowel	3	0.400000	0.184229
IKSHC	vowel	3	0.500000	0.196783
IKSHC	vowel	3	0.600000	0.203733
IKSHC	vowel	3	0.700000	0.188561
IKSHC	vowel	3	0.800000	0.163144
IKSHC	vowel	3	0.900000	0.186489
IKSHC	vowel	5	0.400000	0.185449
IKSHC	vowel	5	0.500000	0.186590
IKSHC	vowel	5	0.600000	0.180444
IKSHC	vowel	5	0.700000	0.173817
IKSHC	vowel	5	0.800000	0.189830
IKSHC	vowel	5	0.900000	0.186390
IKSHC	vowel	7	0.400000	0.192783
IKSHC	vowel	7	0.500000	0.193488
IKSHC	vowel	7	0.600000	0.203546
IKSHC	vowel	7	0.700000	0.186418
IKSHC	vowel	7	0.800000	0.185428
IKSHC	vowel	7	0.900000	0.178593
IKSHC	vowel	13	0.400000	0.210577
IKSHC	vowel	13	0.500000	0.193052
IKSHC	vowel	13	0.600000	0.176560
IKSHC	vowel	13	0.700000	0.199450
IKSHC	vowel	13	0.800000	0.185943
IKSHC	vowel	13	0.900000	0.195574
IKSHC	vowel	15	0.400000	0.186173
IKSHC	vowel	15	0.500000	0.208174
IKSHC	vowel	15	0.600000	0.201742
IKSHC	vowel	15	0.700000	0.192578
IKSHC	vowel	15	0.800000	0.179872
IKSHC	vowel	15	0.900000	0.200291
IKSHC	vowel	17	0.400000	0.205270
IKSHC	vowel	17	0.500000	0.209347
IKSHC	vowel	17	0.600000	0.207247
IKSHC	vowel	17	0.700000	0.213269
IKSHC	vowel	17	0.800000	0.176951
IKSHC	vowel	17	0.900000	0.192894
IKSHC	vowel	21	0.400000	0.202372
IKSHC	vowel	21	0.500000	0.213062
IKSHC	vowel	21	0.600000	0.209833
IKSHC	vowel	21	0.700000	0.210155
IKSHC	vowel	21	0.800000	0.184182
IKSHC	vowel	21	0.900000	0.189429
IKSHC	vowel	25	0.400000	0.195005
IKSHC	vowel	25	0.500000	0.209333
IKSHC	vowel	25	0.600000	0.204360
IKSHC	vowel	25	0.700000	0.194882
IKSHC	vowel	25	0.800000	0.201867
IKSHC	vowel	25	0.900000	0.202739
IKSHC	vowel	3	0.400000	0.195619
IKSHC	vowel	3	0.500000	0.187318
IKSHC	vowel	3	0.600000	0.187204
IKSHC	vowel	3	0.700000	0.183053
IKSHC	vowel	3	0.800000	0.197931
IKSHC	vowel	3	0.900000	0.202171
IKSHC	vowel	5	0.400000	0.200078
IKSHC	vowel	5	0.500000	0.182620
IKSHC	vowel	5	0.600000	0.188153
IKSHC	vowel	5	0.700000	0.205660
IKSHC	vowel	5	0.800000	0.176950
IKSHC	vowel	5	0.900000	0.201443
IKSHC	vowel	7	0.400000	0.189674
IKSHC	vowel	7	0.500000	0.193142
IKSHC	vowel	7	0.600000	0.195187
IKSHC	vowel	7	0.700000	0.192309
IKSHC	vowel	7	0.800000	0.193221
IKSHC	vowel	7	0.900000	0.202855
IKSHC	vowel	13	0.400000	0.189609
IKSHC	vowel	13	0.500000	0.197388
IKSHC	vowel	13	0.600000	0.208433
IKSHC	vowel	13	0.700000	0.208193
IKSHC	vowel	13	0.800000	0.184290
IKSHC	vowel	13	0.900000	0.200697
IKSHC	vowel	15	0.400000	0.206226
IKSHC	vowel	15	0.500000	0.194537
IKSHC	vowel	15	0.600000	0.187832
IKSHC	vowel	15	0.700000	0.215602
IKSHC	vowel	15	0.800000	0.200524
IKSHC	vowel	15	0.900000	0.212577
IKSHC	vowel	17	0.400000	0.191384
IKSHC	vowel	17	0.500000	0.209458
IKSHC	vowel	17	0.600000	0.219450
IKSHC	vowel	17	0.700000	0.200504
IKSHC	vowel	17	0.800000	0.217228
IKSHC	vowel	17	0.900000	0.197287
IKSHC	vowel	21	0.400000	0.198944
IKSHC	vowel	21	0.500000	0.192424
IKSHC	vowel	21	0.600000	0.201755
IKSHC	vowel	21	0.700000	0.202594
IKSHC	vowel	21	0.800000	0.202629
IKSHC	vowel	21	0.900000	0.206494
IKSHC	vowel	25	0.400000	0.208269
IKSHC	vowel	25	0.500000	0.208935
IKSHC	vowel	25	0.600000	0.200908
IKSHC	vowel	25	0.700000	0.211021
IKSHC	vowel	25	0.800000	0.209927
IKSHC	vowel	25	0.900000	0.203779
IKSHC	vowel	3	0.400000	0.190831
IKSHC	vowel	3	0.500000	0.189918
IKSHC	vowel	3	0.600000	0.176219
IKSHC	vowel	3	0.700000	0.176201
IKSHC	vowel	3	0.800000	0.183207
IKSHC	vowel	3	0.900000	0.198322
IKSHC	vowel	5	0.400000	0.195541
IKSHC	vowel	5	0.500000	0.199254
IKSHC	vowel	5	0.600000	0.191691
IKSHC	vowel	5	0.700000	0.194724
IKSHC	vowel	5	0.800000	0.201440
IKSHC	vowel	5	0.900000	0.189224
IKSHC	vowel	7	0.400000	0.198177
IKSHC	vowel	7	0.500000	0.184833
IKSHC	vowel	7	0.600000	0.201667
IKSHC	vowel	7	0.700000	0.204184
IKSHC	vowel	7	0.800000	0.207016
IKSHC	vowel	7	0.900000	0.187198
IKSHC	vowel	13	0.400000	0.188346
IKSHC	vowel	13	0.500000	0.179080
IKSHC	vowel	13	0.600000	0.184207
IKSHC	vowel	13	0.700000	0.206174
IKSHC	vowel	13	0.800000	0.186746
IKSHC	vowel	13	0.900000	0.201190
IKSHC	vowel	15	0.400000	0.192979
IKSHC	vowel	15	0.500000	0.184753
IKSHC	vowel	15	0.600000	0.189515
IKSHC	vowel	15	0.700000	0.195405
IKSHC	vowel	15	0.800000	0.199514
IKSHC	vowel	15	0.900000	0.195255
IKSHC	vowel	17	0.400000	0.198872
IKSHC	vowel	17	0.500000	0.188499
IKSHC	vowel	17	0.600000	0.194240
IKSHC	vowel	17	0.700000	0.191403
IKSHC	vowel	17	0.800000	0.203328
IKSHC	vowel	17	0.900000	0.204024
IKSHC	vowel	21	0.400000	0.197353
IKSHC	vowel	21	0.500000	0.198296
IKSHC	vowel	21	0.600000	0.201625
IKSHC	vowel	21	0.700000	0.189165
IKSHC	vowel	21	0.800000	0.189088
IKSHC	vowel	21	0.900000	0.196006
IKSHC	vowel	25	0.400000	0.204858
IKSHC	vowel	25	0.500000	0.208164
IKSHC	vowel	25	0.600000	0.190960
IKSHC	vowel	25	0.700000	0.187952
IKSHC	vowel	25	0.800000	0.210889
IKSHC	vowel	25	0.900000	0.207812
IKSHC	vowel	3	0.400000	0.186937
IKSHC	vowel	3	0.500000	0.175659
IKSHC	vowel	3	0.600000	0.185943
IKSHC	vowel	3	0.700000	0.185303
IKSHC	vowel	3	0.800000	0.173201
IKSHC	vowel	3	0.900000	0.179879
IKSHC	vowel	5	0.400000	0.172686
IKSHC	vowel	5	0.500000	0.192420
IKSHC	vowel	5	0.600000	0.188126
IKSHC	vowel	5	0.700000	0.175786
IKSHC	vowel	5	0.800000	0.184113
IKSHC	vowel	5	0.900000	0.194124
IKSHC	vowel	7	0.400000	0.179871
IKSHC	vowel	7	0.500000	0.182487
IKSHC	vowel	7	0.600000	0.201841
IKSHC	vowel	7	0.700000	0.187845
IKSHC	vowel	7	0.800000	0.178274
IKSHC	vowel	7	0.900000	0.184717
IKSHC	vowel	13	0.400000	0.202384
IKSHC	vowel	13	0.500000	0.172782
IKSHC	vowel	13	0.600000	0.189418
IKSHC	vowel	13	0.700000	0.193392
IKSHC	vowel	13	0.800000	0.182521
IKSHC	vowel	13	0.900000	0.192100
IKSHC	vowel	15	0.400000	0.196710
IKSHC	vowel	15	0.500000	0.195593
IKSHC	vowel	15	0.600000	0.177806
IKSHC	vowel	15	0.700000	0.192295
IKSHC	vowel	15	0.800000	0.202222
IKSHC	vowel	15	0.900000	0.190378
IKSHC	vowel	17	0.400000	0.197502
IKSHC	vowel	17	0.500000	0.202793
IKSHC	vowel	17	0.600000	0.198871
IKSHC	vowel	17	0.700000	0.199901
IKSHC	vowel	17	0.800000	0.191784
IKSHC	vowel	17	0.900000	0.201630
IKSHC	vowel	21	0.400000	0.197895
IKSHC	vowel	21	0.500000	0.170557
IKSHC	vowel	21	0.600000	0.203364
IKSHC	vowel	21	0.700000	0.184355
IKSHC	vowel	21	0.800000	0.194988
IKSHC	vowel	21	0.900000	0.177378
IKSHC	vowel	25	0.400000	0.188198
IKSHC	vowel	25	0.500000	0.210187
IKSHC	vowel	25	0.600000	0.183737
IKSHC	vowel	25	0.700000	0.186844
IKSHC	vowel	25	0.800000	0.215572
IKSHC	vowel	25	0.900000	0.198839
IKSHC	vowel	3	0.400000	0.166125
IKSHC	vowel	3	0.500000	0.170206
IKSHC	vowel	3	0.600000	0.184224
IKSHC	vowel	3	0.700000	0.162269
IKSHC	vowel	3	0.800000	0.170562
IKSHC	vowel	3	0.900000	0.167562
IKSHC	vowel	5	0.400000	0.181544
IKSHC	vowel	5	0.500000	0.202475
IKSHC	vowel	5	0.600000	0.188455
IKSHC	vowel	5	0.700000	0.209030
IKSHC	vowel	5	0.800000	0.204472
IKSHC	vowel	5	0.900000	0.172291
IKSHC	vowel	7	0.400000	0.207500
IKSHC	vowel	7	0.500000	0.187389
IKSHC	vowel	7	0.600000	0.179618
IKSHC	vowel	7	0.700000	0.203926
IKSHC	vowel	7	0.800000	0.192149
IKSHC	vowel	7	0.900000	0.203621
IKSHC	vowel	13	0.400000	0.209826
IKSHC	vowel	13	0.500000	0.211634
IKSHC	vowel	13	0.600000	0.201994
IKSHC	vowel	13	0.700000	0.215293
IKSHC	vowel	13	0.800000	0.186228
IKSHC	vowel	13	0.900000	0.178231
IKSHC	vowel	15	0.400000	0.212234
IKSHC	vowel	15	0.500000	0.210476
IKSHC	vowel	15	0.600000	0.192162
IKSHC	vowel	15	0.700000	0.168976
IKSHC	vowel	15	0.800000	0.205685
IKSHC	vowel	15	0.900000	0.206166
IKSHC	vowel	17	0.400000	0.184175
IKSHC	vowel	17	0.500000	0.200029
IKSHC	vowel	17	0.600000	0.186411
IKSHC	vowel	17	0.700000	0.201536
IKSHC	vowel	17	0.800000	0.173942
IKSHC	vowel	17	0.900000	0.205979
IKSHC	vowel	21	0.400000	0.235727
IKSHC	vowel	21	0.500000	0.222221
IKSHC	vowel	21	0.600000	0.217178
IKSHC	vowel	21	0.700000	0.199053
IKSHC	vowel	21	0.800000	0.182640
IKSHC	vowel	21	0.900000	0.197578
IKSHC	vowel	25	0.400000	0.212046
IKSHC	vowel	25	0.500000	0.199182
IKSHC	vowel	25	0.600000	0.224654
IKSHC	vowel	25	0.700000	0.220801
IKSHC	vowel	25	0.800000	0.207100
IKSHC	vowel	25	0.900000	0.226781
IKSHC	vowel	3	0.400000	0.185405
IKSHC	vowel	3	0.500000	0.193319
IKSHC	vowel	3	0.600000	0.210535
IKSHC	vowel	3	0.700000	0.192862
IKSHC	vowel	3	0.800000	0.195413
IKSHC	vowel	3	0.900000	0.212529
IKSHC	vowel	5	0.400000	0.187049
IKSHC	vowel	5	0.500000	0.197568
IKSHC	vowel	5	0.600000	0.192211
IKSHC	vowel	5	0.700000	0.192817
IKSHC	vowel	5	0.800000	0.206171
IKSHC	vowel	5	0.900000	0.191123
IKSHC	vowel	7	0.400000	0.195730
IKSHC	vowel	7	0.500000	0.209110
IKSHC	vowel	7	0.600000	0.193849
IKSHC	vowel	7	0.700000	0.190770
IKSHC	vowel	7	0.800000	0.199120
IKSHC	vowel	7	0.900000	0.213174
IKSHC	vowel	13	0.400000	0.203831
IKSHC	vowel	13	0.500000	0.198308
IKSHC	vowel	13	0.600000	0.199333
IKSHC	vowel	13	0.700000	0.191165
IKSHC	vowel	13	0.800000	0.187929
IKSHC	vowel	13	0.900000	0.207947
IKSHC	vowel	15	0.400000	0.189044
IKSHC	vowel	15	0.500000	0.175500
IKSHC	vowel	15	0.600000	0.175718
IKSHC	vowel	15	0.700000	0.213797
IKSHC	vowel	15	0.800000	0.210835
IKSHC	vowel	15	0.900000	0.201437
IKSHC	vowel	17	0.400000	0.183079
IKSHC	vowel	17	0.500000	0.183397
IKSHC	vowel	17	0.600000	0.176656
IKSHC	vowel	17	0.700000	0.197020
IKSHC	vowel	17	0.800000	0.183293
IKSHC	vowel	17	0.900000	0.181400
IKSHC	vowel	21	0.400000	0.183009
IKSHC	vowel	21	0.500000	0.189275
IKSHC	vowel	21	0.600000	0.176100
IKSHC	vowel	21	0.700000	0.178878
IKSHC	vowel	21	0.800000	0.174131
IKSHC	vowel	21	0.900000	0.199576
IKSHC	vowel	25	0.400000	0.207427
IKSHC	vowel	25	0.500000	0.162186
IKSHC	vowel	25	0.600000	0.177044
IKSHC	vowel	25	0.700000	0.195119
IKSHC	vowel	25	0.800000	0.174776
IKSHC	vowel	25	0.900000	0.182696
IKSHC	wine	3	0.400000	0.817986
IKSHC	wine	3	0.500000	0.866175
IKSHC	wine	3	0.600000	0.871412
IKSHC	wine	3	0.700000	0.848429
IKSHC	wine	3	0.800000	0.878228
IKSHC	wine	3	0.900000	0.855973
IKSHC	wine	5	0.400000	0.864440
IKSHC	wine	5	0.500000	0.894285
IKSHC	wine	5	0.600000	0.880189
IKSHC	wine	5	0.700000	0.917154
IKSHC	wine	5	0.800000	0.863383
IKSHC	wine	5	0.900000	0.880791
IKSHC	wine	7	0.400000	0.875474
IKSHC	wine	7	0.500000	0.870094
IKSHC	wine	7	0.600000	0.905319
IKSHC	wine	7	0.700000	0.862866
IKSHC	wine	7	0.800000	0.848568
IKSHC	wine	7	0.900000	0.910676
IKSHC	wine	13	0.400000	0.919220
IKSHC	wine	13	0.500000	0.854084
IKSHC	wine	13	0.600000	0.923411
IKSHC	wine	13	0.700000	0.878949
IKSHC	wine	13	0.800000	0.898533
IKSHC	wine	13	0.900000	0.896738
IKSHC	wine	15	0.400000	0.946984
IKSHC	wine	15	0.500000	0.908446
IKSHC	wine	15	0.600000	0.890698
IKSHC	wine	15	0.700000	0.880919
IKSHC	wine	15	0.800000	0.882599
IKSHC	wine	15	0.900000	0.904174
IKSHC	wine	17	0.400000	0.871722
IKSHC	wine	17	0.500000	0.918166
IKSHC	wine	17	0.600000	0.873924
IKSHC	wine	17	0.700000	0.908458
IKSHC	wine	17	0.800000	0.905955
IKSHC	wine	17	0.900000	0.902225
IKSHC	wine	21	0.400000	0.864913
IKSHC	wine	21	0.500000	0.842737
IKSHC	wine	21	0.600000	0.839384
IKSHC	wine	21	0.700000	0.856640
IKSHC	wine	21	0.800000	0.833624
IKSHC	wine	21	0.900000	0.909696
IKSHC	wine	25	0.400000	0.888037
IKSHC	wine	25	0.500000	0.863536
IKSHC	wine	25	0.600000	0.812191
IKSHC	wine	25	0.700000	0.939042
IKSHC	wine	25	0.800000	0.836632
IKSHC	wine	25	0.900000	0.834937
IKSHC	wine	3	0.400000	0.871045
IKSHC	wine	3	0.500000	0.862299
IKSHC	wine	3	0.600000	0.842557
IKSHC	wine	3	0.700000	0.887649
IKSHC	wine	3	0.800000	0.835405
IKSHC	wine	3	0.900000	0.870664
IKSHC	wine	5	0.400000	0.885753
IKSHC	wine	5	0.500000	0.889463
IKSHC	wine	5	0.600000	0.903516
IKSHC	wine	5	0.700000	0.914170
IKSHC	wine	5	0.800000	0.878942
IKSHC	wine	5	0.900000	0.891692
IKSHC	wine	7	0.400000	0.867381
IKSHC	wine	7	0.500000	0.889208
IKSHC	wine	7	0.600000	0.871115
IKSHC	wine	7	0.700000	0.904945
IKSHC	wine	7	0.800000	0.854062
IKSHC	wine	7	0.900000	0.933870
IKSHC	wine	13	0.400000	0.913793
IKSHC	wine	13	0.500000	0.925468
IKSHC	wine	13	0.600000	0.905360
IKSHC	wine	13	0.700000	0.900370
IKSHC	wine	13	0.800000	0.879293
IKSHC	wine	13	0.900000	0.907609
IKSHC	wine	15	0.400000	0.923239
IKSHC	wine	15	0.500000	0.897758
IKSHC	wine	15	0.600000	0.878932
IKSHC	wine	15	0.700000	0.900185
IKSHC	wine	15	0.800000	0.878001
IKSHC	wine	15	0.900000	0.877605
IKSHC	wine	17	0.400000	0.879894
IKSHC	wine	17	0.500000	0.865728
IKSHC	wine	17	0.600000	0.887209
IKSHC	wine	17	0.700000	0.885911
IKSHC	wine	17	0.800000	0.866995
IKSHC	wine	17	0.900000	0.889132
IKSHC	wine	21	0.400000	0.757671
IKSHC	wine	21	0.500000	0.867290
IKSHC	wine	21	0.600000	0.815178
IKSHC	wine	21	0.700000	0.879251
IKSHC	wine	21	0.800000	0.910704
IKSHC	wine	21	0.900000	0.867106
IKSHC	wine	25	0.400000	0.803363
IKSHC	wine	25	0.500000	0.842929
IKSHC	wine	25	0.600000	0.835129
IKSHC	wine	25	0.700000	0.756012
IKSHC	wine	25	0.800000	0.809388
IKSHC	wine	25	0.900000	0.803825
IKSHC	wine	3	0.400000	0.838551
IKSHC	wine	3	0.500000	0.799327
IKSHC	wine	3	0.600000	0.856338
IKSHC	wine	3	0.700000	0.832126
IKSHC	wine	3	0.800000	0.821038
IKSHC	wine	3	0.900000	0.825812
IKSHC	wine	5	0.400000	0.872764
IKSHC	wine	5	0.500000	0.834080
IKSHC	wine	5	0.600000	0.865633
IKSHC	wine	5	0.700000	0.849349
IKSHC	wine	5	0.800000	0.821826
IKSHC	wine	5	0.900000	0.870850
IKSHC	wine	7	0.400000	0.779224
IKSHC	wine	7	0.500000	0.828062
IKSHC	wine	7	0.600000	0.843974
IKSHC	wine	7	0.700000	0.789376
IKSHC	wine	7	0.800000	0.827493
IKSHC	wine	7	0.900000	0.859184
IKSHC	wine	13	0.400000	0.807904
IKSHC	wine	13	0.500000	0.817790
IKSHC	wine	13	0.600000	0.857075
IKSHC	wine	13	0.700000	0.783663
IKSHC	wine	13	0.800000	0.814814
IKSHC	wine	13	0.900000	0.810562
IKSHC	wine	15	0.400000	0.811985
IKSHC	wine	15	0.500000	0.850776
IKSHC	wine	15	0.600000	0.834318
IKSHC	wine	15	0.700000	0.794062
IKSHC	wine	15	0.800000	0.812111
IKSHC	wine	15	0.900000	0.791817
IKSHC	wine	17	0.400000	0.827386
IKSHC	wine	17	0.500000	0.819630
IKSHC	wine	17	0.600000	0.809712
IKSHC	wine	17	0.700000	0.822395
IKSHC	wine	17	0.800000	0.840478
IKSHC	wine	17	0.900000	0.821572
IKSHC	wine	21	0.400000	0.779704
IKSHC	wine	21	0.500000	0.791672
IKSHC	wine	21	0.600000	0.770119
IKSHC	wine	21	0.700000	0.787891
IKSHC	wine	21	0.800000	0.812227
IKSHC	wine	21	0.900000	0.762669
IKSHC	wine	25	0.400000	0.739945
IKSHC	wine	25	0.500000	0.763692
IKSHC	wine	25	0.600000	0.764598
IKSHC	wine	25	0.700000	0.809329
IKSHC	wine	25	0.800000	0.751133
IKSHC	wine	25	0.900000	0.707042
IKSHC	wine	3	0.400000	0.834416
IKSHC	wine	3	0.500000	0.814073
IKSHC	wine	3	0.600000	0.807189
IKSHC	wine	3	0.700000	0.805717
IKSHC	wine	3	0.800000	0.831235
IKSHC	wine	3	0.900000	0.804680
IKSHC	wine	5	0.400000	0.831968
IKSHC	wine	5	0.500000	0.812941
IKSHC	wine	5	0.600000	0.816054
IKSHC	wine	5	0.700000	0.793390
IKSHC	wine	5	0.800000	0.823309
IKSHC	wine	5	0.900000	0.850342
IKSHC	wine	7	0.400000	0.890865
IKSHC	wine	7	0.500000	0.887801
IKSHC	wine	7	0.600000	0.843130
IKSHC	wine	7	0.700000	0.924292
IKSHC	wine	7	0.800000	0.873073
IKSHC	wine	7	0.900000	0.870874
IKSHC	wine	13	0.400000	0.913288
IKSHC	wine	13	0.500000	0.888642
IKSHC	wine	13	0.600000	0.890741
IKSHC	wine	13	0.700000	0.869423
IKSHC	wine	13	0.800000	0.887457
IKSHC	wine	13	0.900000	0.934267
IKSHC	wine	15	0.400000	0.931733
IKSHC	wine	15	0.500000	0.896465
IKSHC	wine	15	0.600000	0.902044
IKSHC	wine	15	0.700000	0.905970
IKSHC	wine	15	0.800000	0.905319
IKSHC	wine	15	0.900000	0.904499
IKSHC	wine	17	0.400000	0.904116
IKSHC	wine	17	0.500000	0.887143
IKSHC	wine	17	0.600000	0.861891
IKSHC	wine	17	0.700000	0.906041
IKSHC	wine	17	0.800000	0.849576
IKSHC	wine	17	0.900000	0.906277
IKSHC	wine	21	0.400000	0.909503
IKSHC	wine	21	0.500000	0.888066
IKSHC	wine	21	0.600000	0.899433
IKSHC	wine	21	0.700000	0.866127
IKSHC	wine	21	0.800000	0.878792
IKSHC	wine	21	0.900000	0.925122
IKSHC	wine	25	0.400000	0.910330
IKSHC	wine	25	0.500000	0.893674
IKSHC	wine	25	0.600000	0.895952
IKSHC	wine	25	0.700000	0.908106
IKSHC	wine	25	0.800000	0.904933
IKSHC	wine	25	0.900000	0.857351
IKSHC	wine	3	0.400000	0.844061
IKSHC	wine	3	0.500000	0.840102
IKSHC	wine	3	0.600000	0.814602
IKSHC	wine	3	0.700000	0.832432
IKSHC	wine	3	0.800000	0.850836
IKSHC	wine	3	0.900000	0.845038
IKSHC	wine	5	0.400000	0.899601
IKSHC	wine	5	0.500000	0.818239
IKSHC	wine	5	0.600000	0.891389
IKSHC	wine	5	0.700000	0.840507
IKSHC	wine	5	0.800000	0.855447
IKSHC	wine	5	0.900000	0.864320
IKSHC	wine	7	0.400000	0.876988
IKSHC	wine	7	0.500000	0.855769
IKSHC	wine	7	0.600000	0.871391
IKSHC	wine	7	0.700000	0.864046
IKSHC	wine	7	0.800000	0.905441
IKSHC	wine	7	0.900000	0.865662
IKSHC	wine	13	0.400000	0.905265
IKSHC	wine	13	0.500000	0.901795
IKSHC	wine	13	0.600000	0.897583
IKSHC	wine	13	0.700000	0.913366
IKSHC	wine	13	0.800000	0.883461
IKSHC	wine	13	0.900000	0.885120
IKSHC	wine	15	0.400000	0.900150
IKSHC	wine	15	0.500000	0.871305
IKSHC	wine	15	0.600000	0.898826
IKSHC	wine	15	0.700000	0.824121
IKSHC	wine	15	0.800000	0.905709
IKSHC	wine	15	0.900000	0.891458
IKSHC	wine	17	0.400000	0.852252
IKSHC	wine	17	0.500000	0.906767
IKSHC	wine	17	0.600000	0.873428
IKSHC	wine	17	0.700000	0.890179
IKSHC	wine	17	0.800000	0.863407
IKSHC	wine	17	0.900000	0.874075
IKSHC	wine	21	0.400000	0.882921
IKSHC	wine	21	0.500000	0.865685
IKSHC	wine	21	0.600000	0.872359
IKSHC	wine	21	0.700000	0.902517
IKSHC	wine	21	0.800000	0.887877
IKSHC	wine	21	0.900000	0.875148
IKSHC	wine	25	0.400000	0.900545
IKSHC	wine	25	0.500000	0.865000
IKSHC	wine	25	0.600000	0.927711
IKSHC	wine	25	0.700000	0.868289
IKSHC	wine	25	0.800000	0.869439
IKSHC	wine	25	0.900000	0.901444
IKSHC	wine	3	0.400000	0.855489
IKSHC	wine	3	0.500000	0.870133
IKSHC	wine	3	0.600000	0.853343
IKSHC	wine	3	0.700000	0.877883
IKSHC	wine	3	0.800000	0.882702
IKSHC	wine	3	0.900000	0.864749
IKSHC	wine	5	0.400000	0.864093
IKSHC	wine	5	0.500000	0.887128
IKSHC	wine	5	0.600000	0.872929
IKSHC	wine	5	0.700000	0.923317
IKSHC	wine	5	0.800000	0.889211
IKSHC	wine	5	0.900000	0.918184
IKSHC	wine	7	0.400000	0.922951
IKSHC	wine	7	0.500000	0.899587
IKSHC	wine	7	0.600000	0.931141
IKSHC	wine	7	0.700000	0.949163
IKSHC	wine	7	0.800000	0.937915
IKSHC	wine	7	0.900000	0.942483
IKSHC	wine	13	0.400000	0.942548
IKSHC	wine	13	0.500000	0.930018
IKSHC	wine	13	0.600000	0.906546
IKSHC	wine	13	0.700000	0.941185
IKSHC	wine	13	0.800000	0.940035
IKSHC	wine	13	0.900000	0.904411
IKSHC	wine	15	0.400000	0.910259
IKSHC	wine	15	0.500000	0.932410
IKSHC	wine	15	0.600000	0.944857
IKSHC	wine	15	0.700000	0.939897
IKSHC	wine	15	0.800000	0.935712
IKSHC	wine	15	0.900000	0.919106
IKSHC	wine	17	0.400000	0.939650
IKSHC	wine	17	0.500000	0.932614
IKSHC	wine	17	0.600000	0.928099
IKSHC	wine	17	0.700000	0.909261
IKSHC	wine	17	0.800000	0.908386
IKSHC	wine	17	0.900000	0.936819
IKSHC	wine	21	0.400000	0.937230
IKSHC	wine	21	0.500000	0.868138
IKSHC	wine	21	0.600000	0.905010
IKSHC	wine	21	0.700000	0.954225
IKSHC	wine	21	0.800000	0.909575
IKSHC	wine	21	0.900000	0.813809
IKSHC	wine	25	0.400000	0.939895
IKSHC	wine	25	0.500000	0.960481
IKSHC	wine	25	0.600000	0.903830
IKSHC	wine	25	0.700000	0.935538
IKSHC	wine	25	0.800000	0.919459
IKSHC	wine	25	0.900000	0.942108
IKSHC	wine	3	0.400000	0.833408
IKSHC	wine	3	0.500000	0.800984
IKSHC	wine	3	0.600000	0.819571
IKSHC	wine	3	0.700000	0.787666
IKSHC	wine	3	0.800000	0.859427
IKSHC	wine	3	0.900000	0.834825
IKSHC	wine	5	0.400000	0.853274
IKSHC	wine	5	0.500000	0.812484
IKSHC	wine	5	0.600000	0.858046
IKSHC	wine	5	0.700000	0.803584
IKSHC	wine	5	0.800000	0.888187
IKSHC	wine	5	0.900000	0.813762
IKSHC	wine	7	0.400000	0.847660
IKSHC	wine	7	0.500000	0.872986
IKSHC	wine	7	0.600000	0.892081
IKSHC	wine	7	0.700000	0.847977
IKSHC	wine	7	0.800000	0.870171
IKSHC	wine	7	0.900000	0.813124
IKSHC	wine	13	0.400000	0.868384
IKSHC	wine	13	0.500000	0.902955
IKSHC	wine	13	0.600000	0.913745
IKSHC	wine	13	0.700000	0.914976
IKSHC	wine	13	0.800000	0.884585
IKSHC	wine	13	0.900000	0.897957
IKSHC	wine	15	0.400000	0.921951
IKSHC	wine	15	0.500000	0.877733
IKSHC	wine	15	0.600000	0.863340
IKSHC	wine	15	0.700000	0.930496
IKSHC	wine	15	0.800000	0.868800
IKSHC	wine	15	0.900000	0.882312
IKSHC	wine	17	0.400000	0.906363
IKSHC	wine	17	0.500000	0.905786
IKSHC	wine	17	0.600000	0.905052
IKSHC	wine	17	0.700000	0.833127
IKSHC	wine	17	0.800000	0.854219
IKSHC	wine	17	0.900000	0.886848
IKSHC	wine	21	0.400000	0.887160
IKSHC	wine	21	0.500000	0.885574
IKSHC	wine	21	0.600000	0.853295
IKSHC	wine	21	0.700000	0.837671
IKSHC	wine	21	0.800000	0.898257
IKSHC	wine	21	0.900000	0.880162
IKSHC	wine	25	0.400000	0.864430
IKSHC	wine	25	0.500000	0.892283
IKSHC	wine	25	0.600000	0.882234
IKSHC	wine	25	0.700000	0.845713
IKSHC	wine	25	0.800000	0.872229
IKSHC	wine	25	0.900000	0.874143
IKSHC	wine	3	0.400000	0.836040
IKSHC	wine	3	0.500000	0.780271
IKSHC	wine	3	0.600000	0.855187
IKSHC	wine	3	0.700000	0.837538
IKSHC	wine	3	0.800000	0.840040
IKSHC	wine	3	0.900000	0.814710
IKSHC	wine	5	0.400000	0.841192
IKSHC	wine	5	0.500000	0.850990
IKSHC	wine	5	0.600000	0.878039
IKSHC	wine	5	0.700000	0.835921
IKSHC	wine	5	0.800000	0.882581
IKSHC	wine	5	0.900000	0.881639
IKSHC	wine	7	0.400000	0.905133
IKSHC	wine	7	0.500000	0.880138
IKSHC	wine	7	0.600000	0.892464
IKSHC	wine	7	0.700000	0.898788
IKSHC	wine	7	0.800000	0.897428
IKSHC	wine	7	0.900000	0.848445
IKSHC	wine	13	0.400000	0.891031
IKSHC	wine	13	0.500000	0.851762
IKSHC	wine	13	0.600000	0.891439
IKSHC	wine	13	0.700000	0.905964
IKSHC	wine	13	0.800000	0.889933
IKSHC	wine	13	0.900000	0.929415
IKSHC	wine	15	0.400000	0.921990
IKSHC	wine	15	0.500000	0.945591
IKSHC	wine	15	0.600000	0.893875
IKSHC	wine	15	0.700000	0.917557
IKSHC	wine	15	0.800000	0.862296
IKSHC	wine	15	0.900000	0.898598
IKSHC	wine	17	0.400000	0.850200
IKSHC	wine	17	0.500000	0.881887
IKSHC	wine	17	0.600000	0.881177
IKSHC	wine	17	0.700000	0.890466
IKSHC	wine	17	0.800000	0.914041
IKSHC	wine	17	0.900000	0.870016
IKSHC	wine	21	0.400000	0.906952
IKSHC	wine	21	0.500000	0.872794
IKSHC	wine	21	0.600000	0.925253
IKSHC	wine	21	0.700000	0.883201
IKSHC	wine	21	0.800000	0.929306
IKSHC	wine	21	0.900000	0.882024
IKSHC	wine	25	0.400000	0.885768
IKSHC	wine	25	0.500000	0.891325
IKSHC	wine	25	0.600000	0.888417
IKSHC	wine	25	0.700000	0.947423
IKSHC	wine	25	0.800000	0.919818
IKSHC	wine	25	0.900000	0.888782
IKSHC	wine	3	0.400000	0.879311
IKSHC	wine	3	0.500000	0.880815
IKSHC	wine	3	0.600000	0.835727
IKSHC	wine	3	0.700000	0.875057
IKSHC	wine	3	0.800000	0.863787
IKSHC	wine	3	0.900000	0.840506
IKSHC	wine	5	0.400000	0.835196
IKSHC	wine	5	0.500000	0.912282
IKSHC	wine	5	0.600000	0.927437
IKSHC	wine	5	0.700000	0.907836
IKSHC	wine	5	0.800000	0.895625
IKSHC	wine	5	0.900000	0.913999
IKSHC	wine	7	0.400000	0.909793
IKSHC	wine	7	0.500000	0.915089
IKSHC	wine	7	0.600000	0.910012
IKSHC	wine	7	0.700000	0.900464
IKSHC	wine	7	0.800000	0.909925
IKSHC	wine	7	0.900000	0.912065
IKSHC	wine	13	0.400000	0.878061
IKSHC	wine	13	0.500000	0.900158
IKSHC	wine	13	0.600000	0.893499
IKSHC	wine	13	0.700000	0.852754
IKSHC	wine	13	0.800000	0.919783
IKSHC	wine	13	0.900000	0.879229
IKSHC	wine	15	0.400000	0.942570
IKSHC	wine	15	0.500000	0.905904
IKSHC	wine	15	0.600000	0.822839
IKSHC	wine	15	0.700000	0.897754
IKSHC	wine	15	0.800000	0.888381
IKSHC	wine	15	0.900000	0.875382
IKSHC	wine	17	0.400000	0.892486
IKSHC	wine	17	0.500000	0.923406
IKSHC	wine	17	0.600000	0.872765
IKSHC	wine	17	0.700000	0.922582
IKSHC	wine	17	0.800000	0.924614
IKSHC	wine	17	0.900000	0.892092
IKSHC	wine	21	0.400000	0.894573
IKSHC	wine	21	0.500000	0.944499
IKSHC	wine	21	0.600000	0.921746
IKSHC	wine	21	0.700000	0.945033
IKSHC	wine	21	0.800000	0.886933
IKSHC	wine	21	0.900000	0.944605
IKSHC	wine	25	0.400000	0.890732
IKSHC	wine	25	0.500000	0.914570
IKSHC	wine	25	0.600000	0.873798
IKSHC	wine	25	0.700000	0.950709
IKSHC	wine	25	0.800000	0.934162
IKSHC	wine	25	0.900000	0.767694
IKSHC	wine	3	0.400000	0.849606
IKSHC	wine	3	0.500000	0.860504
IKSHC	wine	3	0.600000	0.897512
IKSHC	wine	3	0.700000	0.866415
IKSHC	wine	3	0.800000	0.805162
IKSHC	wine	3	0.900000	0.827797
IKSHC	wine	5	0.400000	0.867104
IKSHC	wine	5	0.500000	0.835991
IKSHC	wine	5	0.600000	0.849483
IKSHC	wine	5	0.700000	0.871855
IKSHC	wine	5	0.800000	0.868346
IKSHC	wine	5	0.900000	0.885707
IKSHC	wine	7	0.400000	0.894441
IKSHC	wine	7	0.500000	0.909747
IKSHC	wine	7	0.600000	0.856116
IKSHC	wine	7	0.700000	0.906973
IKSHC	wine	7	0.800000	0.849090
IKSHC	wine	7	0.900000	0.878504
IKSHC	wine	13	0.400000	0.869785
IKSHC	wine	13	0.500000	0.859806
IKSHC	wine	13	0.600000	0.830196
IKSHC	wine	13	0.700000	0.847031
IKSHC	wine	13	0.800000	0.855860
IKSHC	wine	13	0.900000	0.798302
IKSHC	wine	15	0.400000	0.797548
IKSHC	wine	15	0.500000	0.829025
IKSHC	wine	15	0.600000	0.831227
IKSHC	wine	15	0.700000	0.806749
IKSHC	wine	15	0.800000	0.882422
IKSHC	wine	15	0.900000	0.854536
IKSHC	wine	17	0.400000	0.829984
IKSHC	wine	17	0.500000	0.809805
IKSHC	wine	17	0.600000	0.818054
IKSHC	wine	17	0.700000	0.853321
IKSHC	wine	17	0.800000	0.833715
IKSHC	wine	17	0.900000	0.845580
IKSHC	wine	21	0.400000	0.797463
IKSHC	wine	21	0.500000	0.867437
IKSHC	wine	21	0.600000	0.839045
IKSHC	wine	21	0.700000	0.861138
IKSHC	wine	21	0.800000	0.846730
IKSHC	wine	21	0.900000	0.794711
IKSHC	wine	25	0.400000	0.789940
IKSHC	wine	25	0.500000	0.847199
IKSHC	wine	25	0.600000	0.788572
IKSHC	wine	25	0.700000	0.811238
IKSHC	wine	25	0.800000	0.826187
IKSHC	wine	25	0.900000	0.878703
